timestamp, name, memory.total [MiB], memory.used [MiB], memory.free [MiB], utilization.gpu [%]
2026/09/24 08:38:14.627, NVIDIA L4, 23034 MiB, 3 MiB, 22643 MiB, 0 %
2026/09/24 08:38:15.630, NVIDIA L4, 23034 MiB, 3 MiB, 22643 MiB, 0 %
2026/09/24 08:38:16.630, NVIDIA L4, 23034 MiB, 3 MiB, 22643 MiB, 0 %
2026/09/24 08:38:17.631, NVIDIA L4, 23034 MiB, 3 MiB, 22643 MiB, 0 %
2026/09/24 08:38:18.631, NVIDIA L4, 23034 MiB, 3 MiB, 22643 MiB, 0 %
2026/09/24 08:38:19.631, NVIDIA L4, 23034 MiB, 3 MiB, 22643 MiB, 0 %
2026/09/24 08:38:20.632, NVIDIA L4, 23034 MiB, 3 MiB, 22643 MiB, 0 %
2026/09/24 08:38:21.632, NVIDIA L4, 23034 MiB, 3 MiB, 22643 MiB, 0 %
2026/09/24 08:38:22.632, NVIDIA L4, 23034 MiB, 3 MiB, 22643 MiB, 0 %
2026/09/24 08:38:23.633, NVIDIA L4, 23034 MiB, 3 MiB, 22643 MiB, 0 %
2026/09/24 08:38:24.633, NVIDIA L4, 23034 MiB, 194 MiB, 22452 MiB, 2 %
2026/09/24 08:38:25.633, NVIDIA L4, 23034 MiB, 386 MiB, 22261 MiB, 1 %
2026/09/24 08:38:26.633, NVIDIA L4, 23034 MiB, 386 MiB, 22261 MiB, 0 %
2026/09/24 08:38:27.634, NVIDIA L4, 23034 MiB, 386 MiB, 22261 MiB, 0 %
2026/09/24 08:38:28.634, NVIDIA L4, 23034 MiB, 386 MiB, 22261 MiB, 0 %
2026/09/24 08:38:29.634, NVIDIA L4, 23034 MiB, 386 MiB, 22261 MiB, 0 %
2026/09/24 08:38:30.635, NVIDIA L4, 23034 MiB, 386 MiB, 22261 MiB, 0 %
2026/09/24 08:38:31.635, NVIDIA L4, 23034 MiB, 386 MiB, 22261 MiB, 0 %
2026/09/24 08:38:32.635, NVIDIA L4, 23034 MiB, 8224 MiB, 14423 MiB, 31 %
2026/09/24 08:38:33.636, NVIDIA L4, 23034 MiB, 8224 MiB, 14423 MiB, 32 %
2026/09/24 08:38:34.636, NVIDIA L4, 23034 MiB, 9786 MiB, 12861 MiB, 16 %
2026/09/24 08:38:35.636, NVIDIA L4, 23034 MiB, 18972 MiB, 3675 MiB, 0 %
2026/09/24 08:38:36.637, NVIDIA L4, 23034 MiB, 18972 MiB, 3675 MiB, 0 %
2026/09/24 08:38:37.637, NVIDIA L4, 23034 MiB, 18978 MiB, 3669 MiB, 1 %
2026/09/24 08:38:38.637, NVIDIA L4, 23034 MiB, 19000 MiB, 3647 MiB, 0 %
2026/09/24 08:38:39.637, NVIDIA L4, 23034 MiB, 19156 MiB, 3491 MiB, 30 %
2026/09/24 08:38:40.638, NVIDIA L4, 23034 MiB, 19336 MiB, 3311 MiB, 55 %
2026/09/24 08:38:41.638, NVIDIA L4, 23034 MiB, 19340 MiB, 3307 MiB, 0 %
2026/09/24 08:38:42.638, NVIDIA L4, 23034 MiB, 19340 MiB, 3307 MiB, 0 %
2026/09/24 08:38:43.639, NVIDIA L4, 23034 MiB, 19340 MiB, 3307 MiB, 0 %
2026/09/24 08:38:44.639, NVIDIA L4, 23034 MiB, 19340 MiB, 3307 MiB, 0 %
2026/09/24 08:38:45.639, NVIDIA L4, 23034 MiB, 19340 MiB, 3307 MiB, 0 %
2026/09/24 08:38:46.639, NVIDIA L4, 23034 MiB, 19782 MiB, 2865 MiB, 0 %
2026/09/24 08:38:47.640, NVIDIA L4, 23034 MiB, 19822 MiB, 2825 MiB, 0 %
2026/09/24 08:38:48.640, NVIDIA L4, 23034 MiB, 19822 MiB, 2825 MiB, 0 %
2026/09/24 08:38:49.640, NVIDIA L4, 23034 MiB, 19822 MiB, 2825 MiB, 0 %
2026/09/24 08:38:50.641, NVIDIA L4, 23034 MiB, 19822 MiB, 2825 MiB, 0 %
2026/09/24 08:38:51.641, NVIDIA L4, 23034 MiB, 19824 MiB, 2823 MiB, 0 %
2026/09/24 08:38:52.641, NVIDIA L4, 23034 MiB, 19854 MiB, 2793 MiB, 0 %
2026/09/24 08:38:53.641, NVIDIA L4, 23034 MiB, 19854 MiB, 2793 MiB, 0 %
2026/09/24 08:38:54.642, NVIDIA L4, 23034 MiB, 19854 MiB, 2793 MiB, 0 %
2026/09/24 08:38:55.642, NVIDIA L4, 23034 MiB, 19994 MiB, 2653 MiB, 0 %
2026/09/24 08:38:56.642, NVIDIA L4, 23034 MiB, 20258 MiB, 2389 MiB, 7 %
2026/09/24 08:38:57.643, NVIDIA L4, 23034 MiB, 20260 MiB, 2387 MiB, 7 %
2026/09/24 08:38:58.643, NVIDIA L4, 23034 MiB, 20260 MiB, 2387 MiB, 6 %
2026/09/24 08:38:59.643, NVIDIA L4, 23034 MiB, 20260 MiB, 2387 MiB, 6 %
2026/09/24 08:39:00.643, NVIDIA L4, 23034 MiB, 20260 MiB, 2387 MiB, 5 %
2026/09/24 08:39:01.644, NVIDIA L4, 23034 MiB, 20260 MiB, 2387 MiB, 5 %
2026/09/24 08:39:02.644, NVIDIA L4, 23034 MiB, 20262 MiB, 2385 MiB, 4 %
2026/09/24 08:39:03.644, NVIDIA L4, 23034 MiB, 20262 MiB, 2385 MiB, 4 %
2026/09/24 08:39:04.645, NVIDIA L4, 23034 MiB, 20262 MiB, 2385 MiB, 3 %
2026/09/24 08:39:05.645, NVIDIA L4, 23034 MiB, 20262 MiB, 2385 MiB, 2 %
2026/09/24 08:39:06.645, NVIDIA L4, 23034 MiB, 20756 MiB, 1891 MiB, 0 %
2026/09/24 08:39:07.645, NVIDIA L4, 23034 MiB, 21084 MiB, 1563 MiB, 57 %
2026/09/24 08:39:08.646, NVIDIA L4, 23034 MiB, 21084 MiB, 1563 MiB, 94 %
2026/09/24 08:39:09.646, NVIDIA L4, 23034 MiB, 21084 MiB, 1563 MiB, 94 %
2026/09/24 08:39:10.646, NVIDIA L4, 23034 MiB, 21084 MiB, 1563 MiB, 94 %
2026/09/24 08:39:11.646, NVIDIA L4, 23034 MiB, 21084 MiB, 1563 MiB, 92 %
2026/09/24 08:39:12.647, NVIDIA L4, 23034 MiB, 21084 MiB, 1563 MiB, 93 %
2026/09/24 08:39:13.647, NVIDIA L4, 23034 MiB, 21084 MiB, 1563 MiB, 92 %
2026/09/24 08:39:14.647, NVIDIA L4, 23034 MiB, 21084 MiB, 1563 MiB, 93 %
2026/09/24 08:39:15.648, NVIDIA L4, 23034 MiB, 21084 MiB, 1563 MiB, 94 %
2026/09/24 08:39:16.648, NVIDIA L4, 23034 MiB, 21230 MiB, 1417 MiB, 94 %
2026/09/24 08:39:17.648, NVIDIA L4, 23034 MiB, 21230 MiB, 1417 MiB, 93 %
2026/09/24 08:39:18.649, NVIDIA L4, 23034 MiB, 21230 MiB, 1417 MiB, 94 %
2026/09/24 08:39:19.649, NVIDIA L4, 23034 MiB, 21230 MiB, 1417 MiB, 94 %
2026/09/24 08:39:20.649, NVIDIA L4, 23034 MiB, 21230 MiB, 1417 MiB, 94 %
2026/09/24 08:39:21.650, NVIDIA L4, 23034 MiB, 21230 MiB, 1417 MiB, 94 %
2026/09/24 08:39:22.650, NVIDIA L4, 23034 MiB, 21230 MiB, 1417 MiB, 95 %
2026/09/24 08:39:23.650, NVIDIA L4, 23034 MiB, 21230 MiB, 1417 MiB, 94 %
2026/09/24 08:39:24.651, NVIDIA L4, 23034 MiB, 21230 MiB, 1417 MiB, 95 %
2026/09/24 08:39:25.651, NVIDIA L4, 23034 MiB, 21230 MiB, 1417 MiB, 94 %
2026/09/24 08:39:26.651, NVIDIA L4, 23034 MiB, 21230 MiB, 1417 MiB, 93 %
2026/09/24 08:39:27.652, NVIDIA L4, 23034 MiB, 21230 MiB, 1417 MiB, 94 %
2026/09/24 08:39:28.652, NVIDIA L4, 23034 MiB, 21230 MiB, 1417 MiB, 94 %
2026/09/24 08:39:29.652, NVIDIA L4, 23034 MiB, 21230 MiB, 1417 MiB, 94 %
2026/09/24 08:39:30.653, NVIDIA L4, 23034 MiB, 21230 MiB, 1417 MiB, 94 %
2026/09/24 08:39:31.653, NVIDIA L4, 23034 MiB, 21230 MiB, 1417 MiB, 94 %
2026/09/24 08:39:32.653, NVIDIA L4, 23034 MiB, 21230 MiB, 1417 MiB, 94 %
2026/09/24 08:39:33.654, NVIDIA L4, 23034 MiB, 21230 MiB, 1417 MiB, 93 %
2026/09/24 08:39:34.654, NVIDIA L4, 23034 MiB, 21230 MiB, 1417 MiB, 94 %
2026/09/24 08:39:35.654, NVIDIA L4, 23034 MiB, 21230 MiB, 1417 MiB, 64 %
2026/09/24 08:39:36.655, NVIDIA L4, 23034 MiB, 21230 MiB, 1417 MiB, 92 %
2026/09/24 08:39:37.655, NVIDIA L4, 23034 MiB, 21230 MiB, 1417 MiB, 94 %
2026/09/24 08:39:38.655, NVIDIA L4, 23034 MiB, 21230 MiB, 1417 MiB, 94 %
2026/09/24 08:39:39.656, NVIDIA L4, 23034 MiB, 21230 MiB, 1417 MiB, 94 %
2026/09/24 08:39:40.656, NVIDIA L4, 23034 MiB, 21230 MiB, 1417 MiB, 94 %
2026/09/24 08:39:41.656, NVIDIA L4, 23034 MiB, 21230 MiB, 1417 MiB, 94 %
2026/09/24 08:39:42.656, NVIDIA L4, 23034 MiB, 21230 MiB, 1417 MiB, 94 %
2026/09/24 08:39:43.657, NVIDIA L4, 23034 MiB, 21230 MiB, 1417 MiB, 94 %
2026/09/24 08:39:44.657, NVIDIA L4, 23034 MiB, 21230 MiB, 1417 MiB, 94 %
2026/09/24 08:39:45.657, NVIDIA L4, 23034 MiB, 21264 MiB, 1383 MiB, 94 %
2026/09/24 08:39:46.658, NVIDIA L4, 23034 MiB, 21264 MiB, 1383 MiB, 94 %
2026/09/24 08:39:47.658, NVIDIA L4, 23034 MiB, 21264 MiB, 1383 MiB, 93 %
2026/09/24 08:39:48.658, NVIDIA L4, 23034 MiB, 21264 MiB, 1383 MiB, 93 %
2026/09/24 08:39:49.658, NVIDIA L4, 23034 MiB, 21264 MiB, 1383 MiB, 92 %
2026/09/24 08:39:50.659, NVIDIA L4, 23034 MiB, 21264 MiB, 1383 MiB, 93 %
2026/09/24 08:39:51.659, NVIDIA L4, 23034 MiB, 21264 MiB, 1383 MiB, 94 %
2026/09/24 08:39:52.659, NVIDIA L4, 23034 MiB, 21264 MiB, 1383 MiB, 31 %
2026/09/24 08:39:53.659, NVIDIA L4, 23034 MiB, 21264 MiB, 1383 MiB, 94 %
2026/09/24 08:39:54.660, NVIDIA L4, 23034 MiB, 21264 MiB, 1383 MiB, 94 %
2026/09/24 08:39:55.660, NVIDIA L4, 23034 MiB, 21264 MiB, 1383 MiB, 94 %
2026/09/24 08:39:56.660, NVIDIA L4, 23034 MiB, 21264 MiB, 1383 MiB, 94 %
2026/09/24 08:39:57.661, NVIDIA L4, 23034 MiB, 21264 MiB, 1383 MiB, 94 %
2026/09/24 08:39:58.661, NVIDIA L4, 23034 MiB, 21264 MiB, 1383 MiB, 94 %
2026/09/24 08:39:59.661, NVIDIA L4, 23034 MiB, 21264 MiB, 1383 MiB, 92 %
2026/09/24 08:40:00.661, NVIDIA L4, 23034 MiB, 21264 MiB, 1383 MiB, 94 %
2026/09/24 08:40:01.662, NVIDIA L4, 23034 MiB, 21264 MiB, 1383 MiB, 65 %
2026/09/24 08:40:02.662, NVIDIA L4, 23034 MiB, 21264 MiB, 1383 MiB, 94 %
2026/09/24 08:40:03.662, NVIDIA L4, 23034 MiB, 21264 MiB, 1383 MiB, 94 %
2026/09/24 08:40:04.662, NVIDIA L4, 23034 MiB, 21264 MiB, 1383 MiB, 94 %
2026/09/24 08:40:05.663, NVIDIA L4, 23034 MiB, 21264 MiB, 1383 MiB, 94 %
2026/09/24 08:40:06.663, NVIDIA L4, 23034 MiB, 21264 MiB, 1383 MiB, 94 %
2026/09/24 08:40:07.663, NVIDIA L4, 23034 MiB, 21264 MiB, 1383 MiB, 94 %
2026/09/24 08:40:08.664, NVIDIA L4, 23034 MiB, 21264 MiB, 1383 MiB, 94 %
2026/09/24 08:40:09.664, NVIDIA L4, 23034 MiB, 21264 MiB, 1383 MiB, 94 %
2026/09/24 08:40:10.664, NVIDIA L4, 23034 MiB, 21264 MiB, 1383 MiB, 94 %
2026/09/24 08:40:11.664, NVIDIA L4, 23034 MiB, 21264 MiB, 1383 MiB, 93 %
2026/09/24 08:40:12.665, NVIDIA L4, 23034 MiB, 21264 MiB, 1383 MiB, 93 %
2026/09/24 08:40:13.665, NVIDIA L4, 23034 MiB, 21264 MiB, 1383 MiB, 94 %
2026/09/24 08:40:14.665, NVIDIA L4, 23034 MiB, 21264 MiB, 1383 MiB, 94 %
2026/09/24 08:40:15.665, NVIDIA L4, 23034 MiB, 21264 MiB, 1383 MiB, 94 %
2026/09/24 08:40:16.666, NVIDIA L4, 23034 MiB, 21264 MiB, 1383 MiB, 94 %
2026/09/24 08:40:17.666, NVIDIA L4, 23034 MiB, 21264 MiB, 1383 MiB, 20 %
2026/09/24 08:40:18.666, NVIDIA L4, 23034 MiB, 21264 MiB, 1383 MiB, 94 %
2026/09/24 08:40:19.667, NVIDIA L4, 23034 MiB, 21264 MiB, 1383 MiB, 94 %
2026/09/24 08:40:20.667, NVIDIA L4, 23034 MiB, 21264 MiB, 1383 MiB, 94 %
2026/09/24 08:40:21.667, NVIDIA L4, 23034 MiB, 21264 MiB, 1383 MiB, 94 %
2026/09/24 08:40:22.667, NVIDIA L4, 23034 MiB, 21264 MiB, 1383 MiB, 94 %
2026/09/24 08:40:23.668, NVIDIA L4, 23034 MiB, 21264 MiB, 1383 MiB, 92 %
2026/09/24 08:40:24.668, NVIDIA L4, 23034 MiB, 21264 MiB, 1383 MiB, 94 %
2026/09/24 08:40:25.668, NVIDIA L4, 23034 MiB, 21264 MiB, 1383 MiB, 94 %
2026/09/24 08:40:26.668, NVIDIA L4, 23034 MiB, 21264 MiB, 1383 MiB, 94 %
2026/09/24 08:40:27.669, NVIDIA L4, 23034 MiB, 21264 MiB, 1383 MiB, 94 %
2026/09/24 08:40:28.669, NVIDIA L4, 23034 MiB, 21264 MiB, 1383 MiB, 95 %
2026/09/24 08:40:29.669, NVIDIA L4, 23034 MiB, 21264 MiB, 1383 MiB, 94 %
2026/09/24 08:40:30.670, NVIDIA L4, 23034 MiB, 21264 MiB, 1383 MiB, 94 %
2026/09/24 08:40:31.670, NVIDIA L4, 23034 MiB, 21264 MiB, 1383 MiB, 94 %
2026/09/24 08:40:32.670, NVIDIA L4, 23034 MiB, 21264 MiB, 1383 MiB, 94 %
2026/09/24 08:40:33.670, NVIDIA L4, 23034 MiB, 21264 MiB, 1383 MiB, 94 %
2026/09/24 08:40:34.671, NVIDIA L4, 23034 MiB, 21264 MiB, 1383 MiB, 94 %
2026/09/24 08:40:35.671, NVIDIA L4, 23034 MiB, 21264 MiB, 1383 MiB, 94 %
2026/09/24 08:40:36.671, NVIDIA L4, 23034 MiB, 21264 MiB, 1383 MiB, 94 %
2026/09/24 08:40:37.672, NVIDIA L4, 23034 MiB, 21264 MiB, 1383 MiB, 94 %
2026/09/24 08:40:38.672, NVIDIA L4, 23034 MiB, 21264 MiB, 1383 MiB, 95 %
2026/09/24 08:40:39.672, NVIDIA L4, 23034 MiB, 21264 MiB, 1383 MiB, 93 %
2026/09/24 08:40:40.672, NVIDIA L4, 23034 MiB, 21264 MiB, 1383 MiB, 94 %
2026/09/24 08:40:41.673, NVIDIA L4, 23034 MiB, 21264 MiB, 1383 MiB, 94 %
2026/09/24 08:40:42.673, NVIDIA L4, 23034 MiB, 21264 MiB, 1383 MiB, 94 %
2026/09/24 08:40:43.673, NVIDIA L4, 23034 MiB, 21264 MiB, 1383 MiB, 94 %
2026/09/24 08:40:44.673, NVIDIA L4, 23034 MiB, 21264 MiB, 1383 MiB, 94 %
2026/09/24 08:40:45.674, NVIDIA L4, 23034 MiB, 21264 MiB, 1383 MiB, 94 %
2026/09/24 08:40:46.674, NVIDIA L4, 23034 MiB, 21302 MiB, 1345 MiB, 94 %
2026/09/24 08:40:47.674, NVIDIA L4, 23034 MiB, 21302 MiB, 1345 MiB, 94 %
2026/09/24 08:40:48.675, NVIDIA L4, 23034 MiB, 21302 MiB, 1345 MiB, 94 %
2026/09/24 08:40:49.675, NVIDIA L4, 23034 MiB, 21302 MiB, 1345 MiB, 94 %
2026/09/24 08:40:50.675, NVIDIA L4, 23034 MiB, 21302 MiB, 1345 MiB, 94 %
2026/09/24 08:40:51.675, NVIDIA L4, 23034 MiB, 21302 MiB, 1345 MiB, 93 %
2026/09/24 08:40:52.676, NVIDIA L4, 23034 MiB, 21302 MiB, 1345 MiB, 94 %
2026/09/24 08:40:53.676, NVIDIA L4, 23034 MiB, 21302 MiB, 1345 MiB, 94 %
2026/09/24 08:40:54.676, NVIDIA L4, 23034 MiB, 21302 MiB, 1345 MiB, 94 %
2026/09/24 08:40:55.676, NVIDIA L4, 23034 MiB, 21302 MiB, 1345 MiB, 94 %
2026/09/24 08:40:56.677, NVIDIA L4, 23034 MiB, 21302 MiB, 1345 MiB, 94 %
2026/09/24 08:40:57.677, NVIDIA L4, 23034 MiB, 21302 MiB, 1345 MiB, 94 %
2026/09/24 08:40:58.677, NVIDIA L4, 23034 MiB, 21302 MiB, 1345 MiB, 92 %
2026/09/24 08:40:59.678, NVIDIA L4, 23034 MiB, 21302 MiB, 1345 MiB, 94 %
2026/09/24 08:41:00.678, NVIDIA L4, 23034 MiB, 21302 MiB, 1345 MiB, 94 %
2026/09/24 08:41:01.678, NVIDIA L4, 23034 MiB, 21302 MiB, 1345 MiB, 94 %
2026/09/24 08:41:02.678, NVIDIA L4, 23034 MiB, 21302 MiB, 1345 MiB, 95 %
2026/09/24 08:41:03.679, NVIDIA L4, 23034 MiB, 21302 MiB, 1345 MiB, 94 %
2026/09/24 08:41:04.679, NVIDIA L4, 23034 MiB, 21302 MiB, 1345 MiB, 94 %
2026/09/24 08:41:05.679, NVIDIA L4, 23034 MiB, 21302 MiB, 1345 MiB, 94 %
2026/09/24 08:41:06.679, NVIDIA L4, 23034 MiB, 21302 MiB, 1345 MiB, 95 %
2026/09/24 08:41:07.680, NVIDIA L4, 23034 MiB, 21390 MiB, 1257 MiB, 91 %
2026/09/24 08:41:08.680, NVIDIA L4, 23034 MiB, 21390 MiB, 1257 MiB, 93 %
2026/09/24 08:41:09.680, NVIDIA L4, 23034 MiB, 21390 MiB, 1257 MiB, 94 %
2026/09/24 08:41:10.680, NVIDIA L4, 23034 MiB, 21390 MiB, 1257 MiB, 94 %
2026/09/24 08:41:11.681, NVIDIA L4, 23034 MiB, 21390 MiB, 1257 MiB, 94 %
2026/09/24 08:41:12.681, NVIDIA L4, 23034 MiB, 21390 MiB, 1257 MiB, 94 %
2026/09/24 08:41:13.681, NVIDIA L4, 23034 MiB, 21390 MiB, 1257 MiB, 94 %
2026/09/24 08:41:14.682, NVIDIA L4, 23034 MiB, 21390 MiB, 1257 MiB, 0 %
2026/09/24 08:41:15.682, NVIDIA L4, 23034 MiB, 21390 MiB, 1257 MiB, 0 %
2026/09/24 08:41:16.682, NVIDIA L4, 23034 MiB, 3 MiB, 22643 MiB, 100 %
2026/09/24 08:41:17.683, NVIDIA L4, 23034 MiB, 3 MiB, 22643 MiB, 0 %
2026/09/24 08:41:18.683, NVIDIA L4, 23034 MiB, 0 MiB, 22646 MiB, 0 %
2026/09/24 08:41:19.683, NVIDIA L4, 23034 MiB, 0 MiB, 22646 MiB, 0 %
2026/09/24 08:41:20.683, NVIDIA L4, 23034 MiB, 0 MiB, 22646 MiB, 0 %
2026/09/24 08:41:21.684, NVIDIA L4, 23034 MiB, 0 MiB, 22646 MiB, 0 %
2026/09/24 08:41:22.684, NVIDIA L4, 23034 MiB, 0 MiB, 22646 MiB, 0 %
2026/09/24 08:41:23.684, NVIDIA L4, 23034 MiB, 0 MiB, 22646 MiB, 0 %
2026/09/24 08:41:24.684, NVIDIA L4, 23034 MiB, 0 MiB, 22646 MiB, 0 %
2026/09/24 08:41:25.685, NVIDIA L4, 23034 MiB, 0 MiB, 22646 MiB, 0 %
2026/09/24 08:41:26.685, NVIDIA L4, 23034 MiB, 0 MiB, 22646 MiB, 0 %
2026/09/24 08:41:27.685, NVIDIA L4, 23034 MiB, 0 MiB, 22646 MiB, 0 %
2026/09/24 08:41:28.686, NVIDIA L4, 23034 MiB, 0 MiB, 22646 MiB, 0 %
2026/09/24 08:41:29.686, NVIDIA L4, 23034 MiB, 0 MiB, 22646 MiB, 0 %
2026/09/24 08:41:30.686, NVIDIA L4, 23034 MiB, 0 MiB, 22646 MiB, 0 %
2026/09/24 08:41:31.686, NVIDIA L4, 23034 MiB, 0 MiB, 22646 MiB, 0 %
2026/09/24 08:41:32.687, NVIDIA L4, 23034 MiB, 0 MiB, 22646 MiB, 0 %
2026/09/24 08:41:33.687, NVIDIA L4, 23034 MiB, 0 MiB, 22646 MiB, 0 %
2026/09/24 08:41:34.687, NVIDIA L4, 23034 MiB, 0 MiB, 22646 MiB, 0 %
